Domain,Area,Element,Item,Year,Unit,Value
Emissions intensities,Afghanistan,Production,Rice,1991,t,335000
Emissions intensities,Afghanistan,Production,Rice,1992,t,300000
Emissions intensities,Afghanistan,Production,Rice,1993,t,300000
Emissions intensities,Afghanistan,Production,Rice,1994,t,342000
Emissions intensities,Afghanistan,Production,Rice,1995,t,390000
Emissions intensities,Afghanistan,Production,Rice,1996,t,340000
Emissions intensities,Afghanistan,Production,Rice,1997,t,400000
Emissions intensities,Afghanistan,Production,Rice,1998,t,450000
Emissions intensities,Afghanistan,Production,Rice,1999,t,280000
Emissions intensities,Afghanistan,Production,Rice,2000,t,260000
Emissions intensities,Afghanistan,Production,Rice,2001,t,242000
Emissions intensities,Afghanistan,Production,Rice,2002,t,388000
Emissions intensities,Afghanistan,Production,Rice,2003,t,434000
Emissions intensities,Afghanistan,Production,Rice,2004,t,463000
Emissions intensities,Afghanistan,Production,Rice,2005,t,485000
Emissions intensities,Afghanistan,Production,Rice,2006,t,540000
Emissions intensities,Afghanistan,Production,Rice,2007,t,552000
Emissions intensities,Afghanistan,Production,Rice,2008,t,612000
Emissions intensities,Afghanistan,Production,Rice,2009,t,645000
Emissions intensities,Afghanistan,Production,Rice,2010,t,672000
Emissions intensities,Afghanistan,Production,Rice,2011,t,672000
Emissions intensities,Afghanistan,Production,Rice,2012,t,500000
Emissions intensities,Afghanistan,Production,Rice,2013,t,512094
Emissions intensities,Afghanistan,Production,Rice,2014,t,537000
Emissions intensities,Afghanistan,Production,Rice,2015,t,410000
Emissions intensities,Afghanistan,Production,Rice,2016,t,356565
Emissions intensities,Afghanistan,Production,Rice,2017,t,338420
Emissions intensities,Afghanistan,Production,Rice,2018,t,352177
Emissions intensities,Afghanistan,Production,Rice,2019,t,382500
Emissions intensities,Afghanistan,Production,Rice,2020,t,439549
Emissions intensities,Afghanistan,Production,Rice,2021,t,458571.64
Emissions intensities,Azerbaijan,Production,Rice,1992,t,622
Emissions intensities,Azerbaijan,Production,Rice,1993,t,1124
Emissions intensities,Azerbaijan,Production,Rice,1994,t,1029
Emissions intensities,Azerbaijan,Production,Rice,1995,t,3807
Emissions intensities,Azerbaijan,Production,Rice,1996,t,8070
Emissions intensities,Azerbaijan,Production,Rice,1997,t,10797
Emissions intensities,Azerbaijan,Production,Rice,1998,t,11608
Emissions intensities,Azerbaijan,Production,Rice,1999,t,15874
Emissions intensities,Azerbaijan,Production,Rice,2000,t,22335
Emissions intensities,Azerbaijan,Production,Rice,2001,t,18365
Emissions intensities,Azerbaijan,Production,Rice,2002,t,16640
Emissions intensities,Azerbaijan,Production,Rice,2003,t,15651
Emissions intensities,Azerbaijan,Production,Rice,2004,t,10243
Emissions intensities,Azerbaijan,Production,Rice,2005,t,8308
Emissions intensities,Azerbaijan,Production,Rice,2006,t,5085
Emissions intensities,Azerbaijan,Production,Rice,2007,t,3575
Emissions intensities,Azerbaijan,Production,Rice,2008,t,3740
Emissions intensities,Azerbaijan,Production,Rice,2009,t,4353
Emissions intensities,Azerbaijan,Production,Rice,2010,t,3930
Emissions intensities,Azerbaijan,Production,Rice,2011,t,3695
Emissions intensities,Azerbaijan,Production,Rice,2012,t,3749
Emissions intensities,Azerbaijan,Production,Rice,2013,t,4833
Emissions intensities,Azerbaijan,Production,Rice,2014,t,2679
Emissions intensities,Azerbaijan,Production,Rice,2015,t,2834
Emissions intensities,Azerbaijan,Production,Rice,2016,t,5406
Emissions intensities,Azerbaijan,Production,Rice,2017,t,15915.7
Emissions intensities,Azerbaijan,Production,Rice,2018,t,11974.6
Emissions intensities,Azerbaijan,Production,Rice,2019,t,11070
Emissions intensities,Azerbaijan,Production,Rice,2020,t,9397.3
Emissions intensities,Azerbaijan,Production,Rice,2021,t,10062.3
Emissions intensities,Bangladesh,Production,Rice,1991,t,27242000
Emissions intensities,Bangladesh,Production,Rice,1992,t,27373000
Emissions intensities,Bangladesh,Production,Rice,1993,t,26928000
Emissions intensities,Bangladesh,Production,Rice,1994,t,25124000
Emissions intensities,Bangladesh,Production,Rice,1995,t,26399000
Emissions intensities,Bangladesh,Production,Rice,1996,t,28182000
Emissions intensities,Bangladesh,Production,Rice,1997,t,28152000
Emissions intensities,Bangladesh,Production,Rice,1998,t,29710000
Emissions intensities,Bangladesh,Production,Rice,1999,t,34430000
Emissions intensities,Bangladesh,Production,Rice,2000,t,37627500
Emissions intensities,Bangladesh,Production,Rice,2001,t,36269000
Emissions intensities,Bangladesh,Production,Rice,2002,t,37593000
Emissions intensities,Bangladesh,Production,Rice,2003,t,38361420
Emissions intensities,Bangladesh,Production,Rice,2004,t,36235976
Emissions intensities,Bangladesh,Production,Rice,2005,t,39795616
Emissions intensities,Bangladesh,Production,Rice,2006,t,40773000
Emissions intensities,Bangladesh,Production,Rice,2007,t,43181000
Emissions intensities,Bangladesh,Production,Rice,2008,t,46742000
Emissions intensities,Bangladesh,Production,Rice,2009,t,48144000
Emissions intensities,Bangladesh,Production,Rice,2010,t,50061200
Emissions intensities,Bangladesh,Production,Rice,2011,t,50627000
Emissions intensities,Bangladesh,Production,Rice,2012,t,50497000
Emissions intensities,Bangladesh,Production,Rice,2013,t,51534000
Emissions intensities,Bangladesh,Production,Rice,2014,t,51806593
Emissions intensities,Bangladesh,Production,Rice,2015,t,51805464
Emissions intensities,Bangladesh,Production,Rice,2016,t,50452866
Emissions intensities,Bangladesh,Production,Rice,2017,t,54148000
Emissions intensities,Bangladesh,Production,Rice,2018,t,54416000
Emissions intensities,Bangladesh,Production,Rice,2019,t,54586344
Emissions intensities,Bangladesh,Production,Rice,2020,t,54905891
Emissions intensities,Bangladesh,Production,Rice,2021,t,56944553.97
Emissions intensities,Bhutan,Production,Rice,1991,t,37793.33
Emissions intensities,Bhutan,Production,Rice,1992,t,39261.61
Emissions intensities,Bhutan,Production,Rice,1993,t,41654.52
Emissions intensities,Bhutan,Production,Rice,1994,t,45000
Emissions intensities,Bhutan,Production,Rice,1995,t,50000
Emissions intensities,Bhutan,Production,Rice,1996,t,49472.83
Emissions intensities,Bhutan,Production,Rice,1997,t,49183.67
Emissions intensities,Bhutan,Production,Rice,1998,t,48075.71
Emissions intensities,Bhutan,Production,Rice,1999,t,46957.74
Emissions intensities,Bhutan,Production,Rice,2000,t,44300
Emissions intensities,Bhutan,Production,Rice,2001,t,40000
Emissions intensities,Bhutan,Production,Rice,2002,t,37391
Emissions intensities,Bhutan,Production,Rice,2003,t,44902
Emissions intensities,Bhutan,Production,Rice,2004,t,54324
Emissions intensities,Bhutan,Production,Rice,2005,t,67982
Emissions intensities,Bhutan,Production,Rice,2006,t,72513
Emissions intensities,Bhutan,Production,Rice,2007,t,74432
Emissions intensities,Bhutan,Production,Rice,2008,t,77391
Emissions intensities,Bhutan,Production,Rice,2009,t,66393
Emissions intensities,Bhutan,Production,Rice,2010,t,71637
Emissions intensities,Bhutan,Production,Rice,2011,t,78730
Emissions intensities,Bhutan,Production,Rice,2012,t,78014
Emissions intensities,Bhutan,Production,Rice,2013,t,78730
Emissions intensities,Bhutan,Production,Rice,2014,t,76621
Emissions intensities,Bhutan,Production,Rice,2015,t,80261
Emissions intensities,Bhutan,Production,Rice,2016,t,83332
Emissions intensities,Bhutan,Production,Rice,2017,t,86385
Emissions intensities,Bhutan,Production,Rice,2018,t,63889.82
Emissions intensities,Bhutan,Production,Rice,2019,t,49948.05
Emissions intensities,Bhutan,Production,Rice,2020,t,54088.4
Emissions intensities,Bhutan,Production,Rice,2021,t,40507.9
Emissions intensities,Brunei Darussalam,Production,Rice,1991,t,880
Emissions intensities,Brunei Darussalam,Production,Rice,1992,t,740
Emissions intensities,Brunei Darussalam,Production,Rice,1993,t,790
Emissions intensities,Brunei Darussalam,Production,Rice,1994,t,785
Emissions intensities,Brunei Darussalam,Production,Rice,1995,t,508
Emissions intensities,Brunei Darussalam,Production,Rice,1996,t,446
Emissions intensities,Brunei Darussalam,Production,Rice,1997,t,446
Emissions intensities,Brunei Darussalam,Production,Rice,1998,t,446
Emissions intensities,Brunei Darussalam,Production,Rice,1999,t,200
Emissions intensities,Brunei Darussalam,Production,Rice,2000,t,299
Emissions intensities,Brunei Darussalam,Production,Rice,2001,t,350
Emissions intensities,Brunei Darussalam,Production,Rice,2002,t,372
Emissions intensities,Brunei Darussalam,Production,Rice,2003,t,547
Emissions intensities,Brunei Darussalam,Production,Rice,2004,t,620
Emissions intensities,Brunei Darussalam,Production,Rice,2005,t,851
Emissions intensities,Brunei Darussalam,Production,Rice,2006,t,886
Emissions intensities,Brunei Darussalam,Production,Rice,2007,t,983
Emissions intensities,Brunei Darussalam,Production,Rice,2008,t,911
Emissions intensities,Brunei Darussalam,Production,Rice,2009,t,891
Emissions intensities,Brunei Darussalam,Production,Rice,2010,t,1072
Emissions intensities,Brunei Darussalam,Production,Rice,2011,t,1480
Emissions intensities,Brunei Darussalam,Production,Rice,2012,t,1756
Emissions intensities,Brunei Darussalam,Production,Rice,2013,t,1237
Emissions intensities,Brunei Darussalam,Production,Rice,2014,t,1382
Emissions intensities,Brunei Darussalam,Production,Rice,2015,t,1983
Emissions intensities,Brunei Darussalam,Production,Rice,2016,t,1579
Emissions intensities,Brunei Darussalam,Production,Rice,2017,t,1527
Emissions intensities,Brunei Darussalam,Production,Rice,2018,t,1569
Emissions intensities,Brunei Darussalam,Production,Rice,2019,t,1499.95
Emissions intensities,Brunei Darussalam,Production,Rice,2020,t,2511.3
Emissions intensities,Brunei Darussalam,Production,Rice,2021,t,2675
Emissions intensities,Cambodia,Production,Rice,1991,t,2400000
Emissions intensities,Cambodia,Production,Rice,1992,t,2221000
Emissions intensities,Cambodia,Production,Rice,1993,t,2383350
Emissions intensities,Cambodia,Production,Rice,1994,t,2223500
Emissions intensities,Cambodia,Production,Rice,1995,t,3447800
Emissions intensities,Cambodia,Production,Rice,1996,t,3404000
Emissions intensities,Cambodia,Production,Rice,1997,t,3414917
Emissions intensities,Cambodia,Production,Rice,1998,t,3509871
Emissions intensities,Cambodia,Production,Rice,1999,t,4040900
Emissions intensities,Cambodia,Production,Rice,2000,t,4026092
Emissions intensities,Cambodia,Production,Rice,2001,t,4099016
Emissions intensities,Cambodia,Production,Rice,2002,t,3822509
Emissions intensities,Cambodia,Production,Rice,2003,t,4710957
Emissions intensities,Cambodia,Production,Rice,2004,t,4170284
Emissions intensities,Cambodia,Production,Rice,2005,t,5986200
Emissions intensities,Cambodia,Production,Rice,2006,t,6264123
Emissions intensities,Cambodia,Production,Rice,2007,t,6727000
Emissions intensities,Cambodia,Production,Rice,2008,t,7175473
Emissions intensities,Cambodia,Production,Rice,2009,t,7585870
Emissions intensities,Cambodia,Production,Rice,2010,t,8245320
Emissions intensities,Cambodia,Production,Rice,2011,t,8779000
Emissions intensities,Cambodia,Production,Rice,2012,t,9290940
Emissions intensities,Cambodia,Production,Rice,2013,t,9390000
Emissions intensities,Cambodia,Production,Rice,2014,t,9324000
Emissions intensities,Cambodia,Production,Rice,2015,t,9335000
Emissions intensities,Cambodia,Production,Rice,2016,t,9952000
Emissions intensities,Cambodia,Production,Rice,2017,t,10518000
Emissions intensities,Cambodia,Production,Rice,2018,t,10892000
Emissions intensities,Cambodia,Production,Rice,2019,t,10885700
Emissions intensities,Cambodia,Production,Rice,2020,t,11248000
Emissions intensities,Cambodia,Production,Rice,2021,t,11410000
Emissions intensities,"China, Hong Kong SAR",Production,Rice,1997,t,0.06
Emissions intensities,"China, Hong Kong SAR",Production,Rice,1998,t,0.05
Emissions intensities,"China, Hong Kong SAR",Production,Rice,1999,t,0.04
Emissions intensities,"China, Hong Kong SAR",Production,Rice,2000,t,0.03
Emissions intensities,"China, Hong Kong SAR",Production,Rice,2001,t,0.02
Emissions intensities,"China, Hong Kong SAR",Production,Rice,2002,t,0.02
Emissions intensities,"China, Hong Kong SAR",Production,Rice,2003,t,0.02
Emissions intensities,"China, Hong Kong SAR",Production,Rice,2004,t,0.02
Emissions intensities,"China, Hong Kong SAR",Production,Rice,2005,t,0.02
Emissions intensities,"China, Hong Kong SAR",Production,Rice,2006,t,0
Emissions intensities,"China, Hong Kong SAR",Production,Rice,2007,t,0.03
Emissions intensities,"China, Hong Kong SAR",Production,Rice,2008,t,0.04
Emissions intensities,"China, Hong Kong SAR",Production,Rice,2009,t,0.05
Emissions intensities,"China, Hong Kong SAR",Production,Rice,2010,t,0.05
Emissions intensities,"China, Hong Kong SAR",Production,Rice,2011,t,0.05
Emissions intensities,"China, Hong Kong SAR",Production,Rice,2012,t,0.05
Emissions intensities,"China, Hong Kong SAR",Production,Rice,2013,t,0.05
Emissions intensities,"China, Hong Kong SAR",Production,Rice,2014,t,0.04
Emissions intensities,"China, Hong Kong SAR",Production,Rice,2015,t,0.04
Emissions intensities,"China, Hong Kong SAR",Production,Rice,2016,t,0.04
Emissions intensities,"China, Hong Kong SAR",Production,Rice,2017,t,0.05
Emissions intensities,"China, Hong Kong SAR",Production,Rice,2018,t,0.05
Emissions intensities,"China, Hong Kong SAR",Production,Rice,2019,t,0.05
Emissions intensities,"China, Hong Kong SAR",Production,Rice,2020,t,0.05
Emissions intensities,"China, Hong Kong SAR",Production,Rice,2021,t,0.05
Emissions intensities,"China, mainland",Production,Rice,1991,t,183813000
Emissions intensities,"China, mainland",Production,Rice,1992,t,186222000
Emissions intensities,"China, mainland",Production,Rice,1993,t,177514000
Emissions intensities,"China, mainland",Production,Rice,1994,t,175932992
Emissions intensities,"China, mainland",Production,Rice,1995,t,185226000
Emissions intensities,"China, mainland",Production,Rice,1996,t,195102000
Emissions intensities,"China, mainland",Production,Rice,1997,t,200730000
Emissions intensities,"China, mainland",Production,Rice,1998,t,198712400
Emissions intensities,"China, mainland",Production,Rice,1999,t,198487008
Emissions intensities,"China, mainland",Production,Rice,2000,t,187908000
Emissions intensities,"China, mainland",Production,Rice,2001,t,177580992
Emissions intensities,"China, mainland",Production,Rice,2002,t,174539008
Emissions intensities,"China, mainland",Production,Rice,2003,t,160656000
Emissions intensities,"China, mainland",Production,Rice,2004,t,179088992
Emissions intensities,"China, mainland",Production,Rice,2005,t,180588000
Emissions intensities,"China, mainland",Production,Rice,2006,t,181718000
Emissions intensities,"China, mainland",Production,Rice,2007,t,186034000
Emissions intensities,"China, mainland",Production,Rice,2008,t,191895700
Emissions intensities,"China, mainland",Production,Rice,2009,t,195103008
Emissions intensities,"China, mainland",Production,Rice,2010,t,195760992
Emissions intensities,"China, mainland",Production,Rice,2011,t,201000896
Emissions intensities,"China, mainland",Production,Rice,2012,t,204235900
Emissions intensities,"China, mainland",Production,Rice,2013,t,203612192
Emissions intensities,"China, mainland",Production,Rice,2014,t,206507400
Emissions intensities,"China, mainland",Production,Rice,2015,t,212142000
Emissions intensities,"China, mainland",Production,Rice,2016,t,211094000
Emissions intensities,"China, mainland",Production,Rice,2017,t,212675900
Emissions intensities,"China, mainland",Production,Rice,2018,t,212129000
Emissions intensities,"China, mainland",Production,Rice,2019,t,209614000
Emissions intensities,"China, mainland",Production,Rice,2020,t,211860000
Emissions intensities,"China, mainland",Production,Rice,2021,t,212843000
Emissions intensities,"China, Taiwan Province of",Production,Rice,1991,t,2311638
Emissions intensities,"China, Taiwan Province of",Production,Rice,1992,t,2069880
Emissions intensities,"China, Taiwan Province of",Production,Rice,1993,t,2232933
Emissions intensities,"China, Taiwan Province of",Production,Rice,1994,t,2061403
Emissions intensities,"China, Taiwan Province of",Production,Rice,1995,t,2071968
Emissions intensities,"China, Taiwan Province of",Production,Rice,1996,t,1930897
Emissions intensities,"China, Taiwan Province of",Production,Rice,1997,t,2041843
Emissions intensities,"China, Taiwan Province of",Production,Rice,1998,t,1859157
Emissions intensities,"China, Taiwan Province of",Production,Rice,1999,t,1916300
Emissions intensities,"China, Taiwan Province of",Production,Rice,2000,t,1906060
Emissions intensities,"China, Taiwan Province of",Production,Rice,2001,t,1723895
Emissions intensities,"China, Taiwan Province of",Production,Rice,2002,t,1803187
Emissions intensities,"China, Taiwan Province of",Production,Rice,2003,t,1648280
Emissions intensities,"China, Taiwan Province of",Production,Rice,2004,t,1433611
Emissions intensities,"China, Taiwan Province of",Production,Rice,2005,t,1467138
Emissions intensities,"China, Taiwan Province of",Production,Rice,2006,t,1558048
Emissions intensities,"China, Taiwan Province of",Production,Rice,2007,t,1363460
Emissions intensities,"China, Taiwan Province of",Production,Rice,2008,t,1457175
Emissions intensities,"China, Taiwan Province of",Production,Rice,2009,t,1578169
Emissions intensities,"China, Taiwan Province of",Production,Rice,2010,t,1451011
Emissions intensities,"China, Taiwan Province of",Production,Rice,2011,t,1666273
Emissions intensities,"China, Taiwan Province of",Production,Rice,2012,t,1700229
Emissions intensities,"China, Taiwan Province of",Production,Rice,2013,t,1589504
Emissions intensities,"China, Taiwan Province of",Production,Rice,2014,t,1732210
Emissions intensities,"China, Taiwan Province of",Production,Rice,2015,t,1581732
Emissions intensities,"China, Taiwan Province of",Production,Rice,2016,t,1587776
Emissions intensities,"China, Taiwan Province of",Production,Rice,2017,t,1754049
Emissions intensities,"China, Taiwan Province of",Production,Rice,2018,t,1949796
Emissions intensities,"China, Taiwan Province of",Production,Rice,2019,t,1791211
Emissions intensities,"China, Taiwan Province of",Production,Rice,2020,t,1750729
Emissions intensities,"China, Taiwan Province of",Production,Rice,2021,t,1560870
Emissions intensities,Democratic People's Republic of Korea,Production,Rice,1991,t,4120000
Emissions intensities,Democratic People's Republic of Korea,Production,Rice,1992,t,4500000
Emissions intensities,Democratic People's Republic of Korea,Production,Rice,1993,t,4787000
Emissions intensities,Democratic People's Republic of Korea,Production,Rice,1994,t,3177000
Emissions intensities,Democratic People's Republic of Korea,Production,Rice,1995,t,2016000
Emissions intensities,Democratic People's Republic of Korea,Production,Rice,1996,t,1426000
Emissions intensities,Democratic People's Republic of Korea,Production,Rice,1997,t,1527000
Emissions intensities,Democratic People's Republic of Korea,Production,Rice,1998,t,2307000
Emissions intensities,Democratic People's Republic of Korea,Production,Rice,1999,t,2343000
Emissions intensities,Democratic People's Republic of Korea,Production,Rice,2000,t,1690000
Emissions intensities,Democratic People's Republic of Korea,Production,Rice,2001,t,2060200
Emissions intensities,Democratic People's Republic of Korea,Production,Rice,2002,t,2186000
Emissions intensities,Democratic People's Republic of Korea,Production,Rice,2003,t,2244000
Emissions intensities,Democratic People's Republic of Korea,Production,Rice,2004,t,2370000
Emissions intensities,Democratic People's Republic of Korea,Production,Rice,2005,t,2583400
Emissions intensities,Democratic People's Republic of Korea,Production,Rice,2006,t,2478500
Emissions intensities,Democratic People's Republic of Korea,Production,Rice,2007,t,1869500
Emissions intensities,Democratic People's Republic of Korea,Production,Rice,2008,t,2862000
Emissions intensities,Democratic People's Republic of Korea,Production,Rice,2009,t,2336000
Emissions intensities,Democratic People's Republic of Korea,Production,Rice,2010,t,2426000
Emissions intensities,Democratic People's Republic of Korea,Production,Rice,2011,t,2479000
Emissions intensities,Democratic People's Republic of Korea,Production,Rice,2012,t,2861000
Emissions intensities,Democratic People's Republic of Korea,Production,Rice,2013,t,2901000
Emissions intensities,Democratic People's Republic of Korea,Production,Rice,2014,t,2626000
Emissions intensities,Democratic People's Republic of Korea,Production,Rice,2015,t,1946000
Emissions intensities,Democratic People's Republic of Korea,Production,Rice,2016,t,2536419.3
Emissions intensities,Democratic People's Republic of Korea,Production,Rice,2017,t,2383276.6
Emissions intensities,Democratic People's Republic of Korea,Production,Rice,2018,t,2087622.8
Emissions intensities,Democratic People's Republic of Korea,Production,Rice,2019,t,2803713.3
Emissions intensities,Democratic People's Republic of Korea,Production,Rice,2020,t,2113018.6
Emissions intensities,Democratic People's Republic of Korea,Production,Rice,2021,t,1854841.41
Emissions intensities,India,Production,Rice,1991,t,112042000
Emissions intensities,India,Production,Rice,1992,t,109001200
Emissions intensities,India,Production,Rice,1993,t,120400000
Emissions intensities,India,Production,Rice,1994,t,122640000
Emissions intensities,India,Production,Rice,1995,t,115440000
Emissions intensities,India,Production,Rice,1996,t,122500000
Emissions intensities,India,Production,Rice,1997,t,123700000
Emissions intensities,India,Production,Rice,1998,t,129055000
Emissions intensities,India,Production,Rice,1999,t,134495904
Emissions intensities,India,Production,Rice,2000,t,127464896
Emissions intensities,India,Production,Rice,2001,t,139900000
Emissions intensities,India,Production,Rice,2002,t,107730304
Emissions intensities,India,Production,Rice,2003,t,132789000
Emissions intensities,India,Production,Rice,2004,t,124697104
Emissions intensities,India,Production,Rice,2005,t,137690096
Emissions intensities,India,Production,Rice,2006,t,139136992
Emissions intensities,India,Production,Rice,2007,t,144570000
Emissions intensities,India,Production,Rice,2008,t,148036000
Emissions intensities,India,Production,Rice,2009,t,135672992
Emissions intensities,India,Production,Rice,2010,t,143963008
Emissions intensities,India,Production,Rice,2011,t,157900000
Emissions intensities,India,Production,Rice,2012,t,157800000
Emissions intensities,India,Production,Rice,2013,t,159200000
Emissions intensities,India,Production,Rice,2014,t,157200000
Emissions intensities,India,Production,Rice,2015,t,156540000
Emissions intensities,India,Production,Rice,2016,t,163700000
Emissions intensities,India,Production,Rice,2017,t,169136415
Emissions intensities,India,Production,Rice,2018,t,174716730
Emissions intensities,India,Production,Rice,2019,t,178305480
Emissions intensities,India,Production,Rice,2020,t,186500000
Emissions intensities,India,Production,Rice,2021,t,195425000
Emissions intensities,Indonesia,Production,Rice,1991,t,44688240
Emissions intensities,Indonesia,Production,Rice,1992,t,48240008
Emissions intensities,Indonesia,Production,Rice,1993,t,48181088
Emissions intensities,Indonesia,Production,Rice,1994,t,46641500
Emissions intensities,Indonesia,Production,Rice,1995,t,49744140
Emissions intensities,Indonesia,Production,Rice,1996,t,51101504
Emissions intensities,Indonesia,Production,Rice,1997,t,49377056
Emissions intensities,Indonesia,Production,Rice,1998,t,49236700
Emissions intensities,Indonesia,Production,Rice,1999,t,50866388
Emissions intensities,Indonesia,Production,Rice,2000,t,51898000
Emissions intensities,Indonesia,Production,Rice,2001,t,50460800
Emissions intensities,Indonesia,Production,Rice,2002,t,51489696
Emissions intensities,Indonesia,Production,Rice,2003,t,52137600
Emissions intensities,Indonesia,Production,Rice,2004,t,54088468
Emissions intensities,Indonesia,Production,Rice,2005,t,54151096
Emissions intensities,Indonesia,Production,Rice,2006,t,54454936
Emissions intensities,Indonesia,Production,Rice,2007,t,54591000
Emissions intensities,Indonesia,Production,Rice,2008,t,57661000
Emissions intensities,Indonesia,Production,Rice,2009,t,59014000
Emissions intensities,Indonesia,Production,Rice,2010,t,59283000
Emissions intensities,Indonesia,Production,Rice,2011,t,58259000
Emissions intensities,Indonesia,Production,Rice,2012,t,59705000
Emissions intensities,Indonesia,Production,Rice,2013,t,60095000
Emissions intensities,Indonesia,Production,Rice,2014,t,59059000
Emissions intensities,Indonesia,Production,Rice,2015,t,61031000
Emissions intensities,Indonesia,Production,Rice,2016,t,54031000
Emissions intensities,Indonesia,Production,Rice,2017,t,55252000
Emissions intensities,Indonesia,Production,Rice,2018,t,59200534
Emissions intensities,Indonesia,Production,Rice,2019,t,54604033
Emissions intensities,Indonesia,Production,Rice,2020,t,54649202.24
Emissions intensities,Indonesia,Production,Rice,2021,t,54415294
Emissions intensities,Iran (Islamic Republic of),Production,Rice,1991,t,2356592.9
Emissions intensities,Iran (Islamic Republic of),Production,Rice,1992,t,2360138
Emissions intensities,Iran (Islamic Republic of),Production,Rice,1993,t,2280764.1
Emissions intensities,Iran (Islamic Republic of),Production,Rice,1994,t,2258969
Emissions intensities,Iran (Islamic Republic of),Production,Rice,1995,t,2300901
Emissions intensities,Iran (Islamic Republic of),Production,Rice,1996,t,2684767
Emissions intensities,Iran (Islamic Republic of),Production,Rice,1997,t,2350124
Emissions intensities,Iran (Islamic Republic of),Production,Rice,1998,t,2770574
Emissions intensities,Iran (Islamic Republic of),Production,Rice,1999,t,2348241
Emissions intensities,Iran (Islamic Republic of),Production,Rice,2000,t,1972504.8
Emissions intensities,Iran (Islamic Republic of),Production,Rice,2001,t,1990223
Emissions intensities,Iran (Islamic Republic of),Production,Rice,2002,t,2887541.1
Emissions intensities,Iran (Islamic Republic of),Production,Rice,2003,t,2931138
Emissions intensities,Iran (Islamic Republic of),Production,Rice,2004,t,2542443
Emissions intensities,Iran (Islamic Republic of),Production,Rice,2005,t,2736843
Emissions intensities,Iran (Islamic Republic of),Production,Rice,2006,t,2612175
Emissions intensities,Iran (Islamic Republic of),Production,Rice,2007,t,2664237
Emissions intensities,Iran (Islamic Republic of),Production,Rice,2008,t,2070002.6
Emissions intensities,Iran (Islamic Republic of),Production,Rice,2009,t,2137005.7
Emissions intensities,Iran (Islamic Republic of),Production,Rice,2010,t,2489998.6
Emissions intensities,Iran (Islamic Republic of),Production,Rice,2011,t,1893013
Emissions intensities,Iran (Islamic Republic of),Production,Rice,2012,t,2360000
Emissions intensities,Iran (Islamic Republic of),Production,Rice,2013,t,2449995
Emissions intensities,Iran (Islamic Republic of),Production,Rice,2014,t,2347290.5
Emissions intensities,Iran (Islamic Republic of),Production,Rice,2015,t,2347701
Emissions intensities,Iran (Islamic Republic of),Production,Rice,2016,t,2921046
Emissions intensities,Iran (Islamic Republic of),Production,Rice,2017,t,1956281
Emissions intensities,Iran (Islamic Republic of),Production,Rice,2018,t,2106598.47
Emissions intensities,Iran (Islamic Republic of),Production,Rice,2019,t,2486418.61
Emissions intensities,Iran (Islamic Republic of),Production,Rice,2020,t,1820368.22
Emissions intensities,Iran (Islamic Republic of),Production,Rice,2021,t,1595344.62
Emissions intensities,Iraq,Production,Rice,1991,t,189103
Emissions intensities,Iraq,Production,Rice,1992,t,180000
Emissions intensities,Iraq,Production,Rice,1993,t,206000
Emissions intensities,Iraq,Production,Rice,1994,t,383000
Emissions intensities,Iraq,Production,Rice,1995,t,315000
Emissions intensities,Iraq,Production,Rice,1996,t,270000
Emissions intensities,Iraq,Production,Rice,1997,t,244000
Emissions intensities,Iraq,Production,Rice,1998,t,300000
Emissions intensities,Iraq,Production,Rice,1999,t,180000
Emissions intensities,Iraq,Production,Rice,2000,t,60000
Emissions intensities,Iraq,Production,Rice,2001,t,128000
Emissions intensities,Iraq,Production,Rice,2002,t,250000
Emissions intensities,Iraq,Production,Rice,2003,t,90000
Emissions intensities,Iraq,Production,Rice,2004,t,250000
Emissions intensities,Iraq,Production,Rice,2005,t,309000
Emissions intensities,Iraq,Production,Rice,2006,t,363000
Emissions intensities,Iraq,Production,Rice,2007,t,393000
Emissions intensities,Iraq,Production,Rice,2008,t,248157
Emissions intensities,Iraq,Production,Rice,2009,t,173074
Emissions intensities,Iraq,Production,Rice,2010,t,155829
Emissions intensities,Iraq,Production,Rice,2011,t,235118
Emissions intensities,Iraq,Production,Rice,2012,t,361339
Emissions intensities,Iraq,Production,Rice,2013,t,451849
Emissions intensities,Iraq,Production,Rice,2014,t,403028
Emissions intensities,Iraq,Production,Rice,2015,t,109209
Emissions intensities,Iraq,Production,Rice,2016,t,181320
Emissions intensities,Iraq,Production,Rice,2017,t,265852
Emissions intensities,Iraq,Production,Rice,2018,t,18196
Emissions intensities,Iraq,Production,Rice,2019,t,574705
Emissions intensities,Iraq,Production,Rice,2020,t,464159
Emissions intensities,Iraq,Production,Rice,2021,t,422463
Emissions intensities,Japan,Production,Rice,1991,t,12005000
Emissions intensities,Japan,Production,Rice,1992,t,13216000
Emissions intensities,Japan,Production,Rice,1993,t,9793000
Emissions intensities,Japan,Production,Rice,1994,t,14976000
Emissions intensities,Japan,Production,Rice,1995,t,13435000
Emissions intensities,Japan,Production,Rice,1996,t,12930000
Emissions intensities,Japan,Production,Rice,1997,t,12531000
Emissions intensities,Japan,Production,Rice,1998,t,11200000
Emissions intensities,Japan,Production,Rice,1999,t,11468800
Emissions intensities,Japan,Production,Rice,2000,t,11863000
Emissions intensities,Japan,Production,Rice,2001,t,11320000
Emissions intensities,Japan,Production,Rice,2002,t,11111000
Emissions intensities,Japan,Production,Rice,2003,t,9740000
Emissions intensities,Japan,Production,Rice,2004,t,10912000
Emissions intensities,Japan,Production,Rice,2005,t,11342000
Emissions intensities,Japan,Production,Rice,2006,t,10695000
Emissions intensities,Japan,Production,Rice,2007,t,10893000
Emissions intensities,Japan,Production,Rice,2008,t,11028750
Emissions intensities,Japan,Production,Rice,2009,t,10592000
Emissions intensities,Japan,Production,Rice,2010,t,10692000
Emissions intensities,Japan,Production,Rice,2011,t,10707000
Emissions intensities,Japan,Production,Rice,2012,t,11091000
Emissions intensities,Japan,Production,Rice,2013,t,11236000
Emissions intensities,Japan,Production,Rice,2014,t,11231000
Emissions intensities,Japan,Production,Rice,2015,t,10925000
Emissions intensities,Japan,Production,Rice,2016,t,10934000
Emissions intensities,Japan,Production,Rice,2017,t,10777000
Emissions intensities,Japan,Production,Rice,2018,t,10606000
Emissions intensities,Japan,Production,Rice,2019,t,10540100
Emissions intensities,Japan,Production,Rice,2020,t,10469000
Emissions intensities,Japan,Production,Rice,2021,t,10525400
Emissions intensities,Kazakhstan,Production,Rice,1992,t,467000
Emissions intensities,Kazakhstan,Production,Rice,1993,t,403000
Emissions intensities,Kazakhstan,Production,Rice,1994,t,283000
Emissions intensities,Kazakhstan,Production,Rice,1995,t,184450
Emissions intensities,Kazakhstan,Production,Rice,1996,t,226240
Emissions intensities,Kazakhstan,Production,Rice,1997,t,255350
Emissions intensities,Kazakhstan,Production,Rice,1998,t,236070
Emissions intensities,Kazakhstan,Production,Rice,1999,t,199300
Emissions intensities,Kazakhstan,Production,Rice,2000,t,214300
Emissions intensities,Kazakhstan,Production,Rice,2001,t,198700
Emissions intensities,Kazakhstan,Production,Rice,2002,t,199089
Emissions intensities,Kazakhstan,Production,Rice,2003,t,273340
Emissions intensities,Kazakhstan,Production,Rice,2004,t,275849
Emissions intensities,Kazakhstan,Production,Rice,2005,t,284570
Emissions intensities,Kazakhstan,Production,Rice,2006,t,288780
Emissions intensities,Kazakhstan,Production,Rice,2007,t,294350
Emissions intensities,Kazakhstan,Production,Rice,2008,t,254710
Emissions intensities,Kazakhstan,Production,Rice,2009,t,306960
Emissions intensities,Kazakhstan,Production,Rice,2010,t,373150
Emissions intensities,Kazakhstan,Production,Rice,2011,t,346758
Emissions intensities,Kazakhstan,Production,Rice,2012,t,350831.1
Emissions intensities,Kazakhstan,Production,Rice,2013,t,344304.8
Emissions intensities,Kazakhstan,Production,Rice,2014,t,377040.9
Emissions intensities,Kazakhstan,Production,Rice,2015,t,422225
Emissions intensities,Kazakhstan,Production,Rice,2016,t,447830
Emissions intensities,Kazakhstan,Production,Rice,2017,t,489485
Emissions intensities,Kazakhstan,Production,Rice,2018,t,482945
Emissions intensities,Kazakhstan,Production,Rice,2019,t,560667.72
Emissions intensities,Kazakhstan,Production,Rice,2020,t,556774.77
Emissions intensities,Kazakhstan,Production,Rice,2021,t,503771.3
Emissions intensities,Kyrgyzstan,Production,Rice,1992,t,2800
Emissions intensities,Kyrgyzstan,Production,Rice,1993,t,2400
Emissions intensities,Kyrgyzstan,Production,Rice,1994,t,3900
Emissions intensities,Kyrgyzstan,Production,Rice,1995,t,6700
Emissions intensities,Kyrgyzstan,Production,Rice,1996,t,9200
Emissions intensities,Kyrgyzstan,Production,Rice,1997,t,11700
Emissions intensities,Kyrgyzstan,Production,Rice,1998,t,11023
Emissions intensities,Kyrgyzstan,Production,Rice,1999,t,15066
Emissions intensities,Kyrgyzstan,Production,Rice,2000,t,18991
Emissions intensities,Kyrgyzstan,Production,Rice,2001,t,16557
Emissions intensities,Kyrgyzstan,Production,Rice,2002,t,20811
Emissions intensities,Kyrgyzstan,Production,Rice,2003,t,18342
Emissions intensities,Kyrgyzstan,Production,Rice,2004,t,18344
Emissions intensities,Kyrgyzstan,Production,Rice,2005,t,17067
Emissions intensities,Kyrgyzstan,Production,Rice,2006,t,18713
Emissions intensities,Kyrgyzstan,Production,Rice,2007,t,17269
Emissions intensities,Kyrgyzstan,Production,Rice,2008,t,17700
Emissions intensities,Kyrgyzstan,Production,Rice,2009,t,20710
Emissions intensities,Kyrgyzstan,Production,Rice,2010,t,20861
Emissions intensities,Kyrgyzstan,Production,Rice,2011,t,19432
Emissions intensities,Kyrgyzstan,Production,Rice,2012,t,23069
Emissions intensities,Kyrgyzstan,Production,Rice,2013,t,27220
Emissions intensities,Kyrgyzstan,Production,Rice,2014,t,28230
Emissions intensities,Kyrgyzstan,Production,Rice,2015,t,30208
Emissions intensities,Kyrgyzstan,Production,Rice,2016,t,34846.7
Emissions intensities,Kyrgyzstan,Production,Rice,2017,t,38179.6
Emissions intensities,Kyrgyzstan,Production,Rice,2018,t,40783
Emissions intensities,Kyrgyzstan,Production,Rice,2019,t,41219.1
Emissions intensities,Kyrgyzstan,Production,Rice,2020,t,44473.6
Emissions intensities,Kyrgyzstan,Production,Rice,2021,t,46338
Emissions intensities,Lao People's Democratic Republic,Production,Rice,1991,t,1223830
Emissions intensities,Lao People's Democratic Republic,Production,Rice,1992,t,1502361
Emissions intensities,Lao People's Democratic Republic,Production,Rice,1993,t,1250630
Emissions intensities,Lao People's Democratic Republic,Production,Rice,1994,t,1577023
Emissions intensities,Lao People's Democratic Republic,Production,Rice,1995,t,1417829
Emissions intensities,Lao People's Democratic Republic,Production,Rice,1996,t,1413500
Emissions intensities,Lao People's Democratic Republic,Production,Rice,1997,t,1660000
Emissions intensities,Lao People's Democratic Republic,Production,Rice,1998,t,1674500
Emissions intensities,Lao People's Democratic Republic,Production,Rice,1999,t,2102815
Emissions intensities,Lao People's Democratic Republic,Production,Rice,2000,t,2201700
Emissions intensities,Lao People's Democratic Republic,Production,Rice,2001,t,2334700
Emissions intensities,Lao People's Democratic Republic,Production,Rice,2002,t,2416500
Emissions intensities,Lao People's Democratic Republic,Production,Rice,2003,t,2375100
Emissions intensities,Lao People's Democratic Republic,Production,Rice,2004,t,2529000
Emissions intensities,Lao People's Democratic Republic,Production,Rice,2005,t,2568000
Emissions intensities,Lao People's Democratic Republic,Production,Rice,2006,t,2663700
Emissions intensities,Lao People's Democratic Republic,Production,Rice,2007,t,2710050
Emissions intensities,Lao People's Democratic Republic,Production,Rice,2008,t,2969910
Emissions intensities,Lao People's Democratic Republic,Production,Rice,2009,t,3144800
Emissions intensities,Lao People's Democratic Republic,Production,Rice,2010,t,3070640
Emissions intensities,Lao People's Democratic Republic,Production,Rice,2011,t,3065760
Emissions intensities,Lao People's Democratic Republic,Production,Rice,2012,t,3489210
Emissions intensities,Lao People's Democratic Republic,Production,Rice,2013,t,3414560
Emissions intensities,Lao People's Democratic Republic,Production,Rice,2014,t,4002424.74
Emissions intensities,Lao People's Democratic Republic,Production,Rice,2015,t,4102000
Emissions intensities,Lao People's Democratic Republic,Production,Rice,2016,t,4148800
Emissions intensities,Lao People's Democratic Republic,Production,Rice,2017,t,4039779
Emissions intensities,Lao People's Democratic Republic,Production,Rice,2018,t,3584700
Emissions intensities,Lao People's Democratic Republic,Production,Rice,2019,t,3534500
Emissions intensities,Lao People's Democratic Republic,Production,Rice,2020,t,3519100
Emissions intensities,Lao People's Democratic Republic,Production,Rice,2021,t,3870000
Emissions intensities,Malaysia,Production,Rice,1991,t,1926354
Emissions intensities,Malaysia,Production,Rice,1992,t,2012732
Emissions intensities,Malaysia,Production,Rice,1993,t,2104447
Emissions intensities,Malaysia,Production,Rice,1994,t,2138788
Emissions intensities,Malaysia,Production,Rice,1995,t,2127271
Emissions intensities,Malaysia,Production,Rice,1996,t,2228489
Emissions intensities,Malaysia,Production,Rice,1997,t,2119615
Emissions intensities,Malaysia,Production,Rice,1998,t,1944240
Emissions intensities,Malaysia,Production,Rice,1999,t,2036641
Emissions intensities,Malaysia,Production,Rice,2000,t,2140800
Emissions intensities,Malaysia,Production,Rice,2001,t,2094995
Emissions intensities,Malaysia,Production,Rice,2002,t,2197351
Emissions intensities,Malaysia,Production,Rice,2003,t,2257000
Emissions intensities,Malaysia,Production,Rice,2004,t,2264000
Emissions intensities,Malaysia,Production,Rice,2005,t,2314000
Emissions intensities,Malaysia,Production,Rice,2006,t,2187000
Emissions intensities,Malaysia,Production,Rice,2007,t,2375000
Emissions intensities,Malaysia,Production,Rice,2008,t,2353000
Emissions intensities,Malaysia,Production,Rice,2009,t,2511043
Emissions intensities,Malaysia,Production,Rice,2010,t,2464830
Emissions intensities,Malaysia,Production,Rice,2011,t,2575988
Emissions intensities,Malaysia,Production,Rice,2012,t,2599382
Emissions intensities,Malaysia,Production,Rice,2013,t,2603654
Emissions intensities,Malaysia,Production,Rice,2014,t,1834831
Emissions intensities,Malaysia,Production,Rice,2015,t,2741404
Emissions intensities,Malaysia,Production,Rice,2016,t,2739606
Emissions intensities,Malaysia,Production,Rice,2017,t,2570513
Emissions intensities,Malaysia,Production,Rice,2018,t,2639202
Emissions intensities,Malaysia,Production,Rice,2019,t,2352870
Emissions intensities,Malaysia,Production,Rice,2020,t,2356391.9
Emissions intensities,Malaysia,Production,Rice,2021,t,2418148
Emissions intensities,Myanmar,Production,Rice,1991,t,12992900
Emissions intensities,Myanmar,Production,Rice,1992,t,14603000
Emissions intensities,Myanmar,Production,Rice,1993,t,16495000
Emissions intensities,Myanmar,Production,Rice,1994,t,17907700
Emissions intensities,Myanmar,Production,Rice,1995,t,17669600
Emissions intensities,Myanmar,Production,Rice,1996,t,17397000
Emissions intensities,Myanmar,Production,Rice,1997,t,16391200
Emissions intensities,Myanmar,Production,Rice,1998,t,16807800
Emissions intensities,Myanmar,Production,Rice,1999,t,20126038
Emissions intensities,Myanmar,Production,Rice,2000,t,20986900
Emissions intensities,Myanmar,Production,Rice,2001,t,21569200
Emissions intensities,Myanmar,Production,Rice,2002,t,21460700
Emissions intensities,Myanmar,Production,Rice,2003,t,22770200
Emissions intensities,Myanmar,Production,Rice,2004,t,24360900
Emissions intensities,Myanmar,Production,Rice,2005,t,27245800
Emissions intensities,Myanmar,Production,Rice,2006,t,30435000
Emissions intensities,Myanmar,Production,Rice,2007,t,30954000
Emissions intensities,Myanmar,Production,Rice,2008,t,32058500
Emissions intensities,Myanmar,Production,Rice,2009,t,32165800
Emissions intensities,Myanmar,Production,Rice,2010,t,32065100
Emissions intensities,Myanmar,Production,Rice,2011,t,28552100
Emissions intensities,Myanmar,Production,Rice,2012,t,26216600
Emissions intensities,Myanmar,Production,Rice,2013,t,26372100
Emissions intensities,Myanmar,Production,Rice,2014,t,26423300
Emissions intensities,Myanmar,Production,Rice,2015,t,26210318
Emissions intensities,Myanmar,Production,Rice,2016,t,25672832
Emissions intensities,Myanmar,Production,Rice,2017,t,26546385.88
Emissions intensities,Myanmar,Production,Rice,2018,t,27573589.13
Emissions intensities,Myanmar,Production,Rice,2019,t,26269814
Emissions intensities,Myanmar,Production,Rice,2020,t,25982696
Emissions intensities,Myanmar,Production,Rice,2021,t,24910000
Emissions intensities,Nepal,Production,Rice,1991,t,3222540
Emissions intensities,Nepal,Production,Rice,1992,t,2584900
Emissions intensities,Nepal,Production,Rice,1993,t,3495590
Emissions intensities,Nepal,Production,Rice,1994,t,2906180
Emissions intensities,Nepal,Production,Rice,1995,t,3578830
Emissions intensities,Nepal,Production,Rice,1996,t,3710650
Emissions intensities,Nepal,Production,Rice,1997,t,3640860
Emissions intensities,Nepal,Production,Rice,1998,t,3699770
Emissions intensities,Nepal,Production,Rice,1999,t,3834290
Emissions intensities,Nepal,Production,Rice,2000,t,4216465
Emissions intensities,Nepal,Production,Rice,2001,t,4164687
Emissions intensities,Nepal,Production,Rice,2002,t,4132600
Emissions intensities,Nepal,Production,Rice,2003,t,4132500
Emissions intensities,Nepal,Production,Rice,2004,t,4455722
Emissions intensities,Nepal,Production,Rice,2005,t,4289827
Emissions intensities,Nepal,Production,Rice,2006,t,4209279
Emissions intensities,Nepal,Production,Rice,2007,t,3680839
Emissions intensities,Nepal,Production,Rice,2008,t,4299264
Emissions intensities,Nepal,Production,Rice,2009,t,4523693
Emissions intensities,Nepal,Production,Rice,2010,t,4023823
Emissions intensities,Nepal,Production,Rice,2011,t,4460278
Emissions intensities,Nepal,Production,Rice,2012,t,5072248
Emissions intensities,Nepal,Production,Rice,2013,t,4504503
Emissions intensities,Nepal,Production,Rice,2014,t,5047047
Emissions intensities,Nepal,Production,Rice,2015,t,4788612
Emissions intensities,Nepal,Production,Rice,2016,t,4299078.73
Emissions intensities,Nepal,Production,Rice,2017,t,5230327
Emissions intensities,Nepal,Production,Rice,2018,t,5151925
Emissions intensities,Nepal,Production,Rice,2019,t,5610011
Emissions intensities,Nepal,Production,Rice,2020,t,5550878
Emissions intensities,Nepal,Production,Rice,2021,t,5621710
Emissions intensities,Pakistan,Production,Rice,1991,t,4864650
Emissions intensities,Pakistan,Production,Rice,1992,t,4674150
Emissions intensities,Pakistan,Production,Rice,1993,t,5992050
Emissions intensities,Pakistan,Production,Rice,1994,t,5169750
Emissions intensities,Pakistan,Production,Rice,1995,t,5949750
Emissions intensities,Pakistan,Production,Rice,1996,t,6457200
Emissions intensities,Pakistan,Production,Rice,1997,t,6499500
Emissions intensities,Pakistan,Production,Rice,1998,t,7011400
Emissions intensities,Pakistan,Production,Rice,1999,t,7733417
Emissions intensities,Pakistan,Production,Rice,2000,t,7203900
Emissions intensities,Pakistan,Production,Rice,2001,t,5823000
Emissions intensities,Pakistan,Production,Rice,2002,t,6717750
Emissions intensities,Pakistan,Production,Rice,2003,t,7271400
Emissions intensities,Pakistan,Production,Rice,2004,t,7537200
Emissions intensities,Pakistan,Production,Rice,2005,t,8320800
Emissions intensities,Pakistan,Production,Rice,2006,t,8157600
Emissions intensities,Pakistan,Production,Rice,2007,t,8345100
Emissions intensities,Pakistan,Production,Rice,2008,t,10428000
Emissions intensities,Pakistan,Production,Rice,2009,t,10324050
Emissions intensities,Pakistan,Production,Rice,2010,t,7234950
Emissions intensities,Pakistan,Production,Rice,2011,t,9240600
Emissions intensities,Pakistan,Production,Rice,2012,t,8303850
Emissions intensities,Pakistan,Production,Rice,2013,t,10467150
Emissions intensities,Pakistan,Production,Rice,2014,t,10504200
Emissions intensities,Pakistan,Production,Rice,2015,t,10201840
Emissions intensities,Pakistan,Production,Rice,2016,t,10273968
Emissions intensities,Pakistan,Production,Rice,2017,t,11174815.5
Emissions intensities,Pakistan,Production,Rice,2018,t,7201966
Emissions intensities,Pakistan,Production,Rice,2019,t,11120483
Emissions intensities,Pakistan,Production,Rice,2020,t,12629514
Emissions intensities,Pakistan,Production,Rice,2021,t,13984009
Emissions intensities,Philippines,Production,Rice,1991,t,9673262
Emissions intensities,Philippines,Production,Rice,1992,t,9128940
Emissions intensities,Philippines,Production,Rice,1993,t,9434208
Emissions intensities,Philippines,Production,Rice,1994,t,10538054
Emissions intensities,Philippines,Production,Rice,1995,t,10540649
Emissions intensities,Philippines,Production,Rice,1996,t,11283568
Emissions intensities,Philippines,Production,Rice,1997,t,11268963
Emissions intensities,Philippines,Production,Rice,1998,t,8554824
Emissions intensities,Philippines,Production,Rice,1999,t,11786625
Emissions intensities,Philippines,Production,Rice,2000,t,12389412
Emissions intensities,Philippines,Production,Rice,2001,t,12954870
Emissions intensities,Philippines,Production,Rice,2002,t,13270653
Emissions intensities,Philippines,Production,Rice,2003,t,13499884
Emissions intensities,Philippines,Production,Rice,2004,t,14496784
Emissions intensities,Philippines,Production,Rice,2005,t,14603005
Emissions intensities,Philippines,Production,Rice,2006,t,15326706
Emissions intensities,Philippines,Production,Rice,2007,t,16240194
Emissions intensities,Philippines,Production,Rice,2008,t,16815548
Emissions intensities,Philippines,Production,Rice,2009,t,16266417
Emissions intensities,Philippines,Production,Rice,2010,t,15772319
Emissions intensities,Philippines,Production,Rice,2011,t,16684062
Emissions intensities,Philippines,Production,Rice,2012,t,18032525.47
Emissions intensities,Philippines,Production,Rice,2013,t,18439419.73
Emissions intensities,Philippines,Production,Rice,2014,t,18967826.17
Emissions intensities,Philippines,Production,Rice,2015,t,18149837.78
Emissions intensities,Philippines,Production,Rice,2016,t,17627245
Emissions intensities,Philippines,Production,Rice,2017,t,19276346.63
Emissions intensities,Philippines,Production,Rice,2018,t,19066093.94
Emissions intensities,Philippines,Production,Rice,2019,t,18814827.29
Emissions intensities,Philippines,Production,Rice,2020,t,19294855.51
Emissions intensities,Philippines,Production,Rice,2021,t,19960170.19
Emissions intensities,Republic of Korea,Production,Rice,1991,t,7292534
Emissions intensities,Republic of Korea,Production,Rice,1992,t,7256894
Emissions intensities,Republic of Korea,Production,Rice,1993,t,6403875
Emissions intensities,Republic of Korea,Production,Rice,1994,t,6826167
Emissions intensities,Republic of Korea,Production,Rice,1995,t,6388773
Emissions intensities,Republic of Korea,Production,Rice,1996,t,7122866
Emissions intensities,Republic of Korea,Production,Rice,1997,t,7314885
Emissions intensities,Republic of Korea,Production,Rice,1998,t,6790125
Emissions intensities,Republic of Korea,Production,Rice,1999,t,7065900
Emissions intensities,Republic of Korea,Production,Rice,2000,t,7196582
Emissions intensities,Republic of Korea,Production,Rice,2001,t,7406517
Emissions intensities,Republic of Korea,Production,Rice,2002,t,6687225
Emissions intensities,Republic of Korea,Production,Rice,2003,t,6151202
Emissions intensities,Republic of Korea,Production,Rice,2004,t,6736925
Emissions intensities,Republic of Korea,Production,Rice,2005,t,6434972
Emissions intensities,Republic of Korea,Production,Rice,2006,t,6305492
Emissions intensities,Republic of Korea,Production,Rice,2007,t,5961493
Emissions intensities,Republic of Korea,Production,Rice,2008,t,6468281
Emissions intensities,Republic of Korea,Production,Rice,2009,t,6502249
Emissions intensities,Republic of Korea,Production,Rice,2010,t,5810817
Emissions intensities,Republic of Korea,Production,Rice,2011,t,5615916
Emissions intensities,Republic of Korea,Production,Rice,2012,t,5405155
Emissions intensities,Republic of Korea,Production,Rice,2013,t,5631689
Emissions intensities,Republic of Korea,Production,Rice,2014,t,5637682
Emissions intensities,Republic of Korea,Production,Rice,2015,t,5771026
Emissions intensities,Republic of Korea,Production,Rice,2016,t,5624607
Emissions intensities,Republic of Korea,Production,Rice,2017,t,5285551
Emissions intensities,Republic of Korea,Production,Rice,2018,t,5195437
Emissions intensities,Republic of Korea,Production,Rice,2019,t,5016083
Emissions intensities,Republic of Korea,Production,Rice,2020,t,4713162
Emissions intensities,Republic of Korea,Production,Rice,2021,t,5211037
Emissions intensities,Saudi Arabia,Production,Rice,2017,t,12
Emissions intensities,Saudi Arabia,Production,Rice,2018,t,18
Emissions intensities,Saudi Arabia,Production,Rice,2019,t,400
Emissions intensities,Saudi Arabia,Production,Rice,2020,t,787
Emissions intensities,Saudi Arabia,Production,Rice,2021,t,814
Emissions intensities,Sri Lanka,Production,Rice,1991,t,2389000
Emissions intensities,Sri Lanka,Production,Rice,1992,t,2339700
Emissions intensities,Sri Lanka,Production,Rice,1993,t,2570000
Emissions intensities,Sri Lanka,Production,Rice,1994,t,2683690
Emissions intensities,Sri Lanka,Production,Rice,1995,t,2809890
Emissions intensities,Sri Lanka,Production,Rice,1996,t,2061520
Emissions intensities,Sri Lanka,Production,Rice,1997,t,2239370
Emissions intensities,Sri Lanka,Production,Rice,1998,t,2692340
Emissions intensities,Sri Lanka,Production,Rice,1999,t,2857100
Emissions intensities,Sri Lanka,Production,Rice,2000,t,2859900
Emissions intensities,Sri Lanka,Production,Rice,2001,t,2695080
Emissions intensities,Sri Lanka,Production,Rice,2002,t,2859480
Emissions intensities,Sri Lanka,Production,Rice,2003,t,3071200
Emissions intensities,Sri Lanka,Production,Rice,2004,t,2628000
Emissions intensities,Sri Lanka,Production,Rice,2005,t,3246000
Emissions intensities,Sri Lanka,Production,Rice,2006,t,3342000
Emissions intensities,Sri Lanka,Production,Rice,2007,t,3131000
Emissions intensities,Sri Lanka,Production,Rice,2008,t,3875000
Emissions intensities,Sri Lanka,Production,Rice,2009,t,3651670
Emissions intensities,Sri Lanka,Production,Rice,2010,t,4300620
Emissions intensities,Sri Lanka,Production,Rice,2011,t,3894890
Emissions intensities,Sri Lanka,Production,Rice,2012,t,3845941
Emissions intensities,Sri Lanka,Production,Rice,2013,t,4621000
Emissions intensities,Sri Lanka,Production,Rice,2014,t,3381000
Emissions intensities,Sri Lanka,Production,Rice,2015,t,4819000
Emissions intensities,Sri Lanka,Production,Rice,2016,t,4420085
Emissions intensities,Sri Lanka,Production,Rice,2017,t,2383153
Emissions intensities,Sri Lanka,Production,Rice,2018,t,3929831
Emissions intensities,Sri Lanka,Production,Rice,2019,t,4592056
Emissions intensities,Sri Lanka,Production,Rice,2020,t,5120924
Emissions intensities,Sri Lanka,Production,Rice,2021,t,5149596
Emissions intensities,Syrian Arab Republic,Production,Rice,1991,t,126
Emissions intensities,Syrian Arab Republic,Production,Rice,1992,t,141
Emissions intensities,Syrian Arab Republic,Production,Rice,1993,t,152
Emissions intensities,Syrian Arab Republic,Production,Rice,1994,t,173
Emissions intensities,Syrian Arab Republic,Production,Rice,1995,t,175
Emissions intensities,Syrian Arab Republic,Production,Rice,1996,t,100
Emissions intensities,Tajikistan,Production,Rice,1992,t,20184
Emissions intensities,Tajikistan,Production,Rice,1993,t,22700
Emissions intensities,Tajikistan,Production,Rice,1994,t,20000
Emissions intensities,Tajikistan,Production,Rice,1995,t,21600
Emissions intensities,Tajikistan,Production,Rice,1996,t,20722
Emissions intensities,Tajikistan,Production,Rice,1997,t,44161
Emissions intensities,Tajikistan,Production,Rice,1998,t,40289
Emissions intensities,Tajikistan,Production,Rice,1999,t,47326
Emissions intensities,Tajikistan,Production,Rice,2000,t,81978
Emissions intensities,Tajikistan,Production,Rice,2001,t,39776
Emissions intensities,Tajikistan,Production,Rice,2002,t,50200
Emissions intensities,Tajikistan,Production,Rice,2003,t,59415
Emissions intensities,Tajikistan,Production,Rice,2004,t,51445
Emissions intensities,Tajikistan,Production,Rice,2005,t,62404
Emissions intensities,Tajikistan,Production,Rice,2006,t,48536
Emissions intensities,Tajikistan,Production,Rice,2007,t,52109
Emissions intensities,Tajikistan,Production,Rice,2008,t,53989
Emissions intensities,Tajikistan,Production,Rice,2009,t,63416
Emissions intensities,Tajikistan,Production,Rice,2010,t,76854
Emissions intensities,Tajikistan,Production,Rice,2011,t,76875
Emissions intensities,Tajikistan,Production,Rice,2012,t,82378
Emissions intensities,Tajikistan,Production,Rice,2013,t,78039
Emissions intensities,Tajikistan,Production,Rice,2014,t,79933.4
Emissions intensities,Tajikistan,Production,Rice,2015,t,85807
Emissions intensities,Tajikistan,Production,Rice,2016,t,96476.1
Emissions intensities,Tajikistan,Production,Rice,2017,t,97763
Emissions intensities,Tajikistan,Production,Rice,2018,t,90446
Emissions intensities,Tajikistan,Production,Rice,2019,t,106441.7
Emissions intensities,Tajikistan,Production,Rice,2020,t,99000
Emissions intensities,Tajikistan,Production,Rice,2021,t,67000
Emissions intensities,Thailand,Production,Rice,1991,t,20400000
Emissions intensities,Thailand,Production,Rice,1992,t,19917299
Emissions intensities,Thailand,Production,Rice,1993,t,18447260
Emissions intensities,Thailand,Production,Rice,1994,t,21110714
Emissions intensities,Thailand,Production,Rice,1995,t,22015481
Emissions intensities,Thailand,Production,Rice,1996,t,22331638
Emissions intensities,Thailand,Production,Rice,1997,t,23580080
Emissions intensities,Thailand,Production,Rice,1998,t,22998414
Emissions intensities,Thailand,Production,Rice,1999,t,24171412
Emissions intensities,Thailand,Production,Rice,2000,t,25843878
Emissions intensities,Thailand,Production,Rice,2001,t,29099915
Emissions intensities,Thailand,Production,Rice,2002,t,28321137
Emissions intensities,Thailand,Production,Rice,2003,t,29820271
Emissions intensities,Thailand,Production,Rice,2004,t,28873975
Emissions intensities,Thailand,Production,Rice,2005,t,30648248
Emissions intensities,Thailand,Production,Rice,2006,t,29990602
Emissions intensities,Thailand,Production,Rice,2007,t,32477032
Emissions intensities,Thailand,Production,Rice,2008,t,32022992
Emissions intensities,Thailand,Production,Rice,2009,t,32397856
Emissions intensities,Thailand,Production,Rice,2010,t,35702946
Emissions intensities,Thailand,Production,Rice,2011,t,38102720
Emissions intensities,Thailand,Production,Rice,2012,t,38100189
Emissions intensities,Thailand,Production,Rice,2013,t,36762277
Emissions intensities,Thailand,Production,Rice,2014,t,32620160
Emissions intensities,Thailand,Production,Rice,2015,t,27702191
Emissions intensities,Thailand,Production,Rice,2016,t,31857000
Emissions intensities,Thailand,Production,Rice,2017,t,32898903
Emissions intensities,Thailand,Production,Rice,2018,t,32348114
Emissions intensities,Thailand,Production,Rice,2019,t,28617948
Emissions intensities,Thailand,Production,Rice,2020,t,30231025
Emissions intensities,Thailand,Production,Rice,2021,t,33582000
Emissions intensities,Timor-Leste,Production,Rice,1991,t,66890
Emissions intensities,Timor-Leste,Production,Rice,1992,t,52657
Emissions intensities,Timor-Leste,Production,Rice,1993,t,51766
Emissions intensities,Timor-Leste,Production,Rice,1994,t,41461
Emissions intensities,Timor-Leste,Production,Rice,1995,t,46696
Emissions intensities,Timor-Leste,Production,Rice,1996,t,52607
Emissions intensities,Timor-Leste,Production,Rice,1997,t,37968
Emissions intensities,Timor-Leste,Production,Rice,1998,t,36848
Emissions intensities,Timor-Leste,Production,Rice,1999,t,33585
Emissions intensities,Timor-Leste,Production,Rice,2000,t,51000
Emissions intensities,Timor-Leste,Production,Rice,2001,t,53845
Emissions intensities,Timor-Leste,Production,Rice,2002,t,53656
Emissions intensities,Timor-Leste,Production,Rice,2003,t,65433
Emissions intensities,Timor-Leste,Production,Rice,2004,t,34994
Emissions intensities,Timor-Leste,Production,Rice,2005,t,58887
Emissions intensities,Timor-Leste,Production,Rice,2006,t,55410
Emissions intensities,Timor-Leste,Production,Rice,2007,t,60420
Emissions intensities,Timor-Leste,Production,Rice,2008,t,80257
Emissions intensities,Timor-Leste,Production,Rice,2009,t,120775
Emissions intensities,Timor-Leste,Production,Rice,2010,t,112925.4
Emissions intensities,Timor-Leste,Production,Rice,2011,t,98297
Emissions intensities,Timor-Leste,Production,Rice,2012,t,119166
Emissions intensities,Timor-Leste,Production,Rice,2013,t,87332
Emissions intensities,Timor-Leste,Production,Rice,2014,t,88824
Emissions intensities,Timor-Leste,Production,Rice,2015,t,71541
Emissions intensities,Timor-Leste,Production,Rice,2016,t,60000
Emissions intensities,Timor-Leste,Production,Rice,2017,t,62114.64
Emissions intensities,Timor-Leste,Production,Rice,2018,t,57000
Emissions intensities,Timor-Leste,Production,Rice,2019,t,47822
Emissions intensities,Timor-Leste,Production,Rice,2020,t,49983
Emissions intensities,Timor-Leste,Production,Rice,2021,t,45455
Emissions intensities,Turkiye,Production,Rice,1991,t,200000
Emissions intensities,Turkiye,Production,Rice,1992,t,215000
Emissions intensities,Turkiye,Production,Rice,1993,t,225000
Emissions intensities,Turkiye,Production,Rice,1994,t,200000
Emissions intensities,Turkiye,Production,Rice,1995,t,250000
Emissions intensities,Turkiye,Production,Rice,1996,t,280000
Emissions intensities,Turkiye,Production,Rice,1997,t,275000
Emissions intensities,Turkiye,Production,Rice,1998,t,315000
Emissions intensities,Turkiye,Production,Rice,1999,t,340000
Emissions intensities,Turkiye,Production,Rice,2000,t,350000
Emissions intensities,Turkiye,Production,Rice,2001,t,360000
Emissions intensities,Turkiye,Production,Rice,2002,t,360000
Emissions intensities,Turkiye,Production,Rice,2003,t,372000
Emissions intensities,Turkiye,Production,Rice,2004,t,490000
Emissions intensities,Turkiye,Production,Rice,2005,t,600000
Emissions intensities,Turkiye,Production,Rice,2006,t,696000
Emissions intensities,Turkiye,Production,Rice,2007,t,648000
Emissions intensities,Turkiye,Production,Rice,2008,t,753325
Emissions intensities,Turkiye,Production,Rice,2009,t,750000
Emissions intensities,Turkiye,Production,Rice,2010,t,860000
Emissions intensities,Turkiye,Production,Rice,2011,t,900000
Emissions intensities,Turkiye,Production,Rice,2012,t,880000
Emissions intensities,Turkiye,Production,Rice,2013,t,900000
Emissions intensities,Turkiye,Production,Rice,2014,t,830000
Emissions intensities,Turkiye,Production,Rice,2015,t,920000
Emissions intensities,Turkiye,Production,Rice,2016,t,920000
Emissions intensities,Turkiye,Production,Rice,2017,t,900000
Emissions intensities,Turkiye,Production,Rice,2018,t,940000
Emissions intensities,Turkiye,Production,Rice,2019,t,1000000
Emissions intensities,Turkiye,Production,Rice,2020,t,980000
Emissions intensities,Turkiye,Production,Rice,2021,t,1000000
Emissions intensities,Turkmenistan,Production,Rice,1992,t,63823
Emissions intensities,Turkmenistan,Production,Rice,1993,t,87800
Emissions intensities,Turkmenistan,Production,Rice,1994,t,92000
Emissions intensities,Turkmenistan,Production,Rice,1995,t,78600
Emissions intensities,Turkmenistan,Production,Rice,1996,t,40800
Emissions intensities,Turkmenistan,Production,Rice,1997,t,26900
Emissions intensities,Turkmenistan,Production,Rice,1998,t,13700
Emissions intensities,Turkmenistan,Production,Rice,1999,t,33300
Emissions intensities,Turkmenistan,Production,Rice,2000,t,27300
Emissions intensities,Turkmenistan,Production,Rice,2001,t,39000
Emissions intensities,Turkmenistan,Production,Rice,2002,t,80000
Emissions intensities,Turkmenistan,Production,Rice,2003,t,109500
Emissions intensities,Turkmenistan,Production,Rice,2004,t,110000
Emissions intensities,Turkmenistan,Production,Rice,2005,t,120000
Emissions intensities,Turkmenistan,Production,Rice,2006,t,135000
Emissions intensities,Turkmenistan,Production,Rice,2007,t,28730
Emissions intensities,Turkmenistan,Production,Rice,2008,t,30690
Emissions intensities,Turkmenistan,Production,Rice,2009,t,29760
Emissions intensities,Turkmenistan,Production,Rice,2010,t,30600
Emissions intensities,Turkmenistan,Production,Rice,2011,t,22650
Emissions intensities,Turkmenistan,Production,Rice,2012,t,129000
Emissions intensities,Turkmenistan,Production,Rice,2013,t,132000
Emissions intensities,Turkmenistan,Production,Rice,2014,t,130000
Emissions intensities,Turkmenistan,Production,Rice,2015,t,130000
Emissions intensities,Turkmenistan,Production,Rice,2016,t,130000
Emissions intensities,Turkmenistan,Production,Rice,2017,t,130000
Emissions intensities,Turkmenistan,Production,Rice,2018,t,130000
Emissions intensities,Turkmenistan,Production,Rice,2019,t,85069.7
Emissions intensities,Turkmenistan,Production,Rice,2020,t,86234.1
Emissions intensities,Turkmenistan,Production,Rice,2021,t,82827.98
Emissions intensities,Uzbekistan,Production,Rice,1992,t,583000
Emissions intensities,Uzbekistan,Production,Rice,1993,t,581700
Emissions intensities,Uzbekistan,Production,Rice,1994,t,528400
Emissions intensities,Uzbekistan,Production,Rice,1995,t,327600
Emissions intensities,Uzbekistan,Production,Rice,1996,t,356500
Emissions intensities,Uzbekistan,Production,Rice,1997,t,416700
Emissions intensities,Uzbekistan,Production,Rice,1998,t,373300
Emissions intensities,Uzbekistan,Production,Rice,1999,t,442900
Emissions intensities,Uzbekistan,Production,Rice,2000,t,173300
Emissions intensities,Uzbekistan,Production,Rice,2001,t,90000
Emissions intensities,Uzbekistan,Production,Rice,2002,t,185600
Emissions intensities,Uzbekistan,Production,Rice,2003,t,350800
Emissions intensities,Uzbekistan,Production,Rice,2004,t,188100
Emissions intensities,Uzbekistan,Production,Rice,2005,t,171700
Emissions intensities,Uzbekistan,Production,Rice,2006,t,224000
Emissions intensities,Uzbekistan,Production,Rice,2007,t,197800
Emissions intensities,Uzbekistan,Production,Rice,2008,t,113700
Emissions intensities,Uzbekistan,Production,Rice,2009,t,194700
Emissions intensities,Uzbekistan,Production,Rice,2010,t,249800
Emissions intensities,Uzbekistan,Production,Rice,2011,t,119758
Emissions intensities,Uzbekistan,Production,Rice,2012,t,325718
Emissions intensities,Uzbekistan,Production,Rice,2013,t,340219
Emissions intensities,Uzbekistan,Production,Rice,2014,t,356097
Emissions intensities,Uzbekistan,Production,Rice,2015,t,425745
Emissions intensities,Uzbekistan,Production,Rice,2016,t,451981
Emissions intensities,Uzbekistan,Production,Rice,2017,t,395422
Emissions intensities,Uzbekistan,Production,Rice,2018,t,221089
Emissions intensities,Uzbekistan,Production,Rice,2019,t,314659
Emissions intensities,Uzbekistan,Production,Rice,2020,t,293451
Emissions intensities,Uzbekistan,Production,Rice,2021,t,334226
Emissions intensities,Viet Nam,Production,Rice,1991,t,19621904
Emissions intensities,Viet Nam,Production,Rice,1992,t,21590304
Emissions intensities,Viet Nam,Production,Rice,1993,t,22836600
Emissions intensities,Viet Nam,Production,Rice,1994,t,23528300
Emissions intensities,Viet Nam,Production,Rice,1995,t,24963700
Emissions intensities,Viet Nam,Production,Rice,1996,t,26396700
Emissions intensities,Viet Nam,Production,Rice,1997,t,27523900
Emissions intensities,Viet Nam,Production,Rice,1998,t,29408143
Emissions intensities,Viet Nam,Production,Rice,1999,t,31393800
Emissions intensities,Viet Nam,Production,Rice,2000,t,32529500
Emissions intensities,Viet Nam,Production,Rice,2001,t,32108400
Emissions intensities,Viet Nam,Production,Rice,2002,t,34447200
Emissions intensities,Viet Nam,Production,Rice,2003,t,34568800
Emissions intensities,Viet Nam,Production,Rice,2004,t,36148900
Emissions intensities,Viet Nam,Production,Rice,2005,t,35832900
Emissions intensities,Viet Nam,Production,Rice,2006,t,35849500
Emissions intensities,Viet Nam,Production,Rice,2007,t,35942700
Emissions intensities,Viet Nam,Production,Rice,2008,t,38729800
Emissions intensities,Viet Nam,Production,Rice,2009,t,38950200
Emissions intensities,Viet Nam,Production,Rice,2010,t,40005600
Emissions intensities,Viet Nam,Production,Rice,2011,t,42398344
Emissions intensities,Viet Nam,Production,Rice,2012,t,43737598
Emissions intensities,Viet Nam,Production,Rice,2013,t,44039100
Emissions intensities,Viet Nam,Production,Rice,2014,t,44974206
Emissions intensities,Viet Nam,Production,Rice,2015,t,45090561.88
Emissions intensities,Viet Nam,Production,Rice,2016,t,43112009.8
Emissions intensities,Viet Nam,Production,Rice,2017,t,42763682.38
Emissions intensities,Viet Nam,Production,Rice,2018,t,44046249.56
Emissions intensities,Viet Nam,Production,Rice,2019,t,43495487.58
Emissions intensities,Viet Nam,Production,Rice,2020,t,42764999.75
Emissions intensities,Viet Nam,Production,Rice,2021,t,43852728.69
